{
  "IcoMoonType": "selection",
  "icons": [
    {
      "icon": {
        "paths": [
          "M1024 512c0 282.77-229.23 512-512 512s-512-229.23-512-512c0-282.77 229.23-512 512-512s512 229.23 512 512z",
          "M780 208h-360l-180 144h360z",
          "M240 820h360l180-144h-360z",
          "M600 280h180v396l-180 144z",
          "M420 748h-180v-396l180-144z"
        ],
        "attrs": [
          {
            "fill": "rgb(65, 132, 243)"
          },
          {
            "fill": "rgb(204, 204, 204)"
          },
          {
            "fill": "rgb(204, 204, 204)"
          },
          {
            "fill": "rgb(242, 242, 242)"
          },
          {
            "fill": "rgb(242, 242, 242)"
          }
        ],
        "isMulticolor": true,
        "isMulticolor2": false,
        "grid": 0,
        "tags": [
          "LogoBorderCircle"
        ],
        "colorPermutations": {
          "13111825511591452551179179179118501204204204124224224212552552551651322431": [
            {
              "f": 1
            },
            {
              "f": 5
            },
            {
              "f": 5
            },
            {
              "f": 6
            },
            {
              "f": 6
            }
          ]
        }
      },
      "attrs": [
        {
          "fill": "rgb(65, 132, 243)"
        },
        {
          "fill": "rgb(204, 204, 204)"
        },
        {
          "fill": "rgb(204, 204, 204)"
        },
        {
          "fill": "rgb(242, 242, 242)"
        },
        {
          "fill": "rgb(242, 242, 242)"
        }
      ],
      "properties": {
        "order": 41,
        "id": 3,
        "name": "LogoBorderCircle",
        "prevSize": 32,
        "code": 59648,
        "codes": [
          59648,
          59649,
          59650,
          59651,
          59652
        ]
      },
      "setIdx": 0,
      "setId": 1,
      "iconIdx": 0
    }
  ],
  "height": 1024,
  "metadata": {
    "name": "icomoon"
  },
  "preferences": {
    "showGlyphs": true,
    "showCodes": true,
    "showQuickUse": true,
    "showQuickUse2": true,
    "showSVGs": true,
    "fontPref": {
      "prefix": "icon-",
      "metadata": {
        "fontFamily": "icomoon"
      },
      "metrics": {
        "emSize": 1024,
        "baseline": 6.25,
        "whitespace": 50
      },
      "embed": false
    },
    "imagePref": {
      "prefix": "icon-",
      "png": true,
      "useClassSelector": true,
      "color": 0,
      "bgColor": 16777215
    },
    "historySize": 100,
    "gridSize": 16,
    "showGrid": true
  }
}